<?xml version="1.0" encoding="UTF-8"?>
<beans xmlns="http://www.springframework.org/schema/beans"
	xmlns:xsi="http://www.w3.org/2001/XMLSchema-instance" 
	xmlns:context="http://www.springframework.org/schema/context"
	xmlns:mvc="http://www.springframework.org/schema/mvc" 
	xmlns:p="http://www.springframework.org/schema/p"
	xsi:schemaLocation="http://www.springframework.org/schema/beans 
        http://www.springframework.org/schema/beans/spring-beans.xsd
        http://www.springframework.org/schema/context
        http://www.springframework.org/schema/context/spring-context.xsd
        http://www.springframework.org/schema/mvc
        http://www.springframework.org/schema/mvc/spring-mvc.xsd">

	<mvc:resources location="/resources/" mapping="/resources/**" />

	<mvc:annotation-driven />

	<context:component-scan base-package="net.java_school.blog" />

	<bean id="internalResourceViewResolver"
		class="org.springframework.web.servlet.view.InternalResourceViewResolver">
		<property name="viewClass">
			<value>org.springframework.web.servlet.view.JstlView</value>
		</property>
		<property name="prefix">
			<value>/WEB-INF/views/</value>
		</property>
		<property name="suffix">
			<value>.jsp</value>
		</property>
	</bean>
	
	<bean id="localeResolver" class="org.springframework.web.servlet.i18n.SessionLocaleResolver">
	    <property name="defaultLocale" value="en" />
	</bean>
	
	<mvc:interceptors>
	    <bean id="localeChangeInterceptor" class="org.springframework.web.servlet.i18n.LocaleChangeInterceptor">
	        <property name="paramName" value="lang" />
	    </bean>
	</mvc:interceptors>	
	
	<bean id="messageSource" class="org.springframework.context.support.ReloadableResourceBundleMessageSource">
	    <property name="basename" value="WEB-INF/classes/messages" />
	    <property name="defaultEncoding" value="UTF-8" />
	</bean>
	
</beans>