<?xml version="1.0" encoding="UTF-8"?>
<beans xmlns="http://www.springframework.org/schema/beans"
	xmlns:aop="http://www.springframework.org/schema/aop" 
	xmlns:tx="http://www.springframework.org/schema/tx"
	xmlns:xsi="http://www.w3.org/2001/XMLSchema-instance"
	xsi:schemaLocation="http://www.springframework.org/schema/beans
        http://www.springframework.org/schema/beans/spring-beans.xsd
        http://www.springframework.org/schema/aop 
        http://www.springframework.org/schema/aop/spring-aop.xsd
        http://www.springframework.org/schema/tx
        http://www.springframework.org/schema/tx/spring-tx.xsd">
<!-- 
	<bean id="transactionManager" class="org.springframework.jdbc.datasource.DataSourceTransactionManager">
		<property name="dataSource" ref="dataSource" />
	</bean>

	<tx:annotation-driven transaction-manager="transactionManager" />
	
	<aop:aspectj-autoproxy />

	<bean id="testLogger" class="net.java_school.commons.TestLogger" />

	<bean id="bankUi" class="net.java_school.bank.BankUi">
		<property name="stream" value="#{T(System).out}" />
		<property name="bank" ref="shinhanBank" />
	</bean>

	<bean id="shinhanBank" class="net.java_school.bank.ShinhanBank">
		<property name="dao" ref="shinhanBankDao" />
	</bean>

	<bean id="shinhanBankDao" class="net.java_school.bank.ShinhanBankDao">
		<property name="dataSource" ref="dataSource" />
	</bean>

	<bean id="dataSource"
		class="org.springframework.jdbc.datasource.DriverManagerDataSource">
		<property name="driverClassName" value="oracle.jdbc.driver.OracleDriver" />
		<property name="url" value="jdbc:oracle:thin:@127.0.0.1:1521:XE" />
		<property name="username" value="scott" />
		<property name="password" value="tiger" />
	</bean>
	 -->
</beans>