<?xml version="1.0" encoding="UTF-8"?>
<!DOCTYPE tiles-definitions PUBLIC  
        "-//Apache Software Foundation//DTD Tiles Configuration 3.0//EN"  
        "http://tiles.apache.org/dtds/tiles-config_3_0.dtd">
<tiles-definitions>
    <definition name="app.default" template="/WEB-INF/views/layouts/main-layout.jsp">
        <put-attribute name="lang" value="ko" type="string" />
        <put-attribute name="header" value="/WEB-INF/views/inc/header.jsp" />
        <put-attribute name="footer" value="/WEB-INF/views/inc/footer.jsp" />
    </definition>
    <!-- 홈페이지 -->
    <definition name="index" extends="app.default">
        <put-attribute name="title" value="홈페이지" />
        <put-attribute name="keywords" value="홈페이지,jdk 9 설치, java 9" />
        <put-attribute name="description" value="윈도 시스템에 java 9를 설치하는 방법을 설명합니다." />
        <put-attribute name="content" value="/WEB-INF/views/java/jdk-install_ko.jsp" />
    </definition>
    <!-- 자바 글 목록 -->
    <definition name="java/index" extends="app.default">
        <put-attribute name="title" value="자바 목록" />
        <put-attribute name="keywords" value="자바 목록" />
        <put-attribute name="description" value="자바 목록" />
        <put-attribute name="content" value="/WEB-INF/views/java/index_ko.jsp" />
    </definition>
    <!-- 자바의 특징 -->
    <definition name="java/Features" extends="app.default">
        <put-attribute name="title" value="자바의 특징" />
        <put-attribute name="keywords" value="자바의 특징" />
        <put-attribute name="description" value="자바의 특징" />
        <put-attribute name="content" value="/WEB-INF/views/java/Features_ko.jsp" />
    </definition>
</tiles-definitions>
