<?xml version="1.0" encoding="UTF-8"?>
<beans:beans xmlns="http://www.springframework.org/schema/security"
	xmlns:beans="http://www.springframework.org/schema/beans" 
	xmlns:xsi="http://www.w3.org/2001/XMLSchema-instance"
	xsi:schemaLocation="
    http://www.springframework.org/schema/beans
    http://www.springframework.org/schema/beans/spring-beans.xsd
    http://www.springframework.org/schema/security
    http://www.springframework.org/schema/security/spring-security.xsd">

	<http pattern="/_ah/login" security="none" />
	<http pattern="/_ah/logout" security="none" />

	<http entry-point-ref="gaeEntryPoint">
		<access-denied-handler error-page="/403" />
		<intercept-url pattern="/admin/**" access="hasRole('ROLE_ADMIN')" />
		<intercept-url pattern="/**" access="permitAll" />
		<custom-filter position="PRE_AUTH_FILTER" ref="gaeFilter" />
	</http>

	<authentication-manager alias="authenticationManager">
		<authentication-provider ref="gaeAuthenticationProvider" />
	</authentication-manager>

</beans:beans>