<?xml version="1.0" encoding="UTF-8"?>
<!DOCTYPE tiles-definitions PUBLIC  
        "-//Apache Software Foundation//DTD Tiles Configuration 3.0//EN"  
        "http://tiles.apache.org/dtds/tiles-config_3_0.dtd">
<tiles-definitions>
    <definition name="defaultTemplate" template="/WEB-INF/views/template/template.jsp">
        <put-attribute name="header" value="/WEB-INF/views/inc/header.jsp" />
        <put-attribute name="footer" value="/WEB-INF/views/inc/footer.jsp" />
    </definition>
    <!-- Homepage -->
    <definition name="index" extends="defaultTemplate">
        <put-attribute name="title" value="Homepage" />
        <put-attribute name="keywords" value="homepage,jdk 9 install, java 9" />
        <put-attribute name="description" value="How to install java 9" />
        <put-attribute name="content" value="/WEB-INF/views/java/jdk-install.jsp" />
    </definition>
    <!-- Java Index -->
    <definition name="java/index" extends="defaultTemplate">
        <put-attribute name="title" value="Java Index" />
        <put-attribute name="keywords" value="Java Index" />
        <put-attribute name="description" value="Java Index" />
        <put-attribute name="content" value="/WEB-INF/views/java/index.jsp" />
    </definition>
    <!-- Features -->
    <definition name="java/Features" extends="defaultTemplate">
        <put-attribute name="title" value="Java Features" />
        <put-attribute name="keywords" value="Java Features" />
        <put-attribute name="description" value="Java Features" />
        <put-attribute name="content" value="/WEB-INF/views/java/Features.jsp" />
    </definition>
</tiles-definitions>