<?xml version="1.0" encoding="UTF-8"?>
<beans xmlns="http://www.springframework.org/schema/beans" 
	xmlns:xsi="http://www.w3.org/2001/XMLSchema-instance"
	xmlns:context="http://www.springframework.org/schema/context"
	xmlns:mvc="http://www.springframework.org/schema/mvc"
	xmlns:p="http://www.springframework.org/schema/p"
	xsi:schemaLocation="http://www.springframework.org/schema/beans 
		http://www.springframework.org/schema/beans/spring-beans.xsd
		http://www.springframework.org/schema/context
		http://www.springframework.org/schema/context/spring-context.xsd
		http://www.springframework.org/schema/mvc
		http://www.springframework.org/schema/mvc/spring-mvc.xsd">

	<mvc:resources location="/resources/" mapping="/resources/**" />
	
	<mvc:annotation-driven />
        
	<context:component-scan base-package="net.java_school.controller,net.java_school.board" />
        
	<bean id="internalResourceViewResolver" 
	    class="org.springframework.web.servlet.view.InternalResourceViewResolver">
	    <property name="viewClass">
	        <value>org.springframework.web.servlet.view.JstlView</value>
	    </property>
	    <property name="prefix">
	        <value>/WEB-INF/views/</value>
	    </property>
	    <property name="suffix">
	        <value>.jsp</value>
	    </property>
	</bean>

	<bean id="multipartResolver" class="org.springframework.web.multipart.commons.CommonsMultipartResolver">
		<property name="maxUploadSize" value="1048576" />
	</bean>
    
</beans>
